character,frequency
一,0
乙,1
二,0
十,0
丁,1
厂,0
七,0
卜,1
八,0
人,0
入,0
儿,0
匕,2
几,0
九,0
刁,2
了,0
刀,1
力,0
乃,1
又,0
三,0
干,0
于,0
亏,1
工,0
土,0
士,1
才,0
下,0
寸,1
大,0
丈,1
与,0
万,0
上,0
小,0
口,0
山,0
巾,1
千,0
乞,1
川,1
亿,1
个,0
夕,1
久,1
么,0
勺,1
凡,1
丸,1
及,0
广,0
亡,1
门,0
义,0
之,0
尸,1
己,0
已,0
弓,1
子,0
卫,1
也,0
女,1
刃,1
飞,0
习,0
叉,1
马,0
乡,1
丰,1
王,0
开,0
井,1
天,0
夫,1
元,0
无,0
云,1
专,0
丐,2
扎,1
艺,1
木,1
五,0
支,0
厅,1
不,0
犬,1
太,0
区,0
历,0
歹,2
友,1
尤,1
匹,1
车,0
巨,1
牙,1
屯,1
戈,2
比,0
互,1
切,0
瓦,1
止,1
少,0
日,0
中,0
贝,1
冈,1
内,0
水,0
见,0
午,1
牛,1
手,0
气,0
毛,0
升,1
夭,2
长,0
仁,1
什,0
片,0
仆,1
化,0
仇,1
币,1
仍,1
仅,1
斤,1
爪,1
反,0
介,1
父,1
从,0
仑,2
今,0
凶,1
分,0
乏,1
公,0
仓,1
月,0
氏,1
勿,1
欠,1
风,0
丹,1
匀,1
乌,1
勾,1
凤,1
六,0
文,0
方,0
火,0
为,0
斗,0
忆,1
计,0
订,1
户,1
认,0
冗,2
讥,2
心,0
尺,1
引,0
丑,1
巴,1
孔,1
队,0
办,0
以,0
允,1
予,1
邓,2
劝,1
双,1
书,0
幻,1
玉,1
刊,1
未,1
末,1
示,0
击,1
打,0
巧,1
正,0
扑,1
扒,1
功,1
扔,1
去,0
甘,1
世,0
艾,2
古,1
节,0
本,0
术,0
可,0
丙,1
左,1
厉,1
石,0
右,1
布,0
夯,2
龙,0
平,0
灭,1
轧,1
东,0
卡,1
北,0
占,1
凸,2
卢,2
业,0
旧,1
帅,1
归,1
旦,1
目,0
且,0
叶,1
甲,1
申,1
叮,1
电,0
号,0
田,1
由,0
只,0
叭,2
史,0
央,1
兄,1
叽,2
叼,1
叫,0
叨,1
另,1
叹,1
皿,2
凹,2
囚,2
四,0
生,0
矢,2
失,1
乍,2
禾,1
丘,1
付,1
仗,1
代,0
仙,1
们,0
仪,1
白,0
仔,1
他,0
斥,1
瓜,1
乎,1
丛,1
令,1
用,0
甩,1
印,1
尔,2
乐,1
句,1
匆,1
册,1
犯,1
外,0
处,0
冬,1
鸟,1
务,0
包,0
饥,1
主,0
市,0
立,0
冯,2
玄,2
闪,1
兰,1
半,0
汁,1
汇,1
头,0
汉,1
宁,1
穴,1
它,0
讨,1
写,0
让,1
礼,1
训,1
议,0
必,0
讯,1
记,0
永,1
司,1
尼,1
民,0
出,0
辽,1
奶,1
奴,1
召,1
加,0
皮,1
边,0
孕,1
发,0
圣,1
对,0
台,1
矛,1
纠,1
母,1
幼,1
丝,1
邦,2
式,0
迂,2
刑,1
邢,2
动,0
扛,1
寺,1
吉,1
扣,1
考,1
托,1
老,0
巩,1
圾,1
执,1
扩,1
扫,1
地,0
场,0
扬,1
耳,1
芋,2
共,0
芍,2
芒,1
亚,1
芝,1
朽,1
朴,1
机,0
权,0
过,0
臣,1
吏,2
再,0
协,1
西,0
压,0
厌,1
在,0
百,0
有,0
存,0
而,0
页,1
匠,1
夸,1
夺,1
灰,1
达,0
列,0
死,1
成,0
夹,1
夷,2
轨,1
邪,1
划,0
迈,1
毕,1
至,0
此,0
贞,1
师,1
尘,1
尖,1
劣,1
光,0
当,0
早,1
吁,2
吐,1
吓,1
虫,1
曲,1
团,0
吕,2
同,0
吊,1
吃,1
因,0
吸,1
吗,1
吆,2
屿,1
屹,2
岁,1
帆,1
回,0
岂,1
则,0
刚,1
网,1
肉,1
年,0
朱,1
先,0
丢,1
廷,2
舌,1
竹,1
迁,1
乔,1
迄,2
伟,1
传,0
乒,1
乓,1
休,1
伍,1
伏,1
优,1
臼,2
伐,1
延,1
仲,2
件,0
任,0
伤,1
价,0
伦,2
份,1
华,0
仰,1
仿,1
伙,1
伪,1
自,0
伊,2
血,1
向,0
似,1
后,0
行,0
舟,1
全,0
会,0
杀,1
合,0
兆,1
企,1
众,0
爷,1
伞,1
创,1
肌,1
肋,2
朵,1
杂,1
危,1
旬,1
旨,1
旭,2
负,1
匈,2
名,0
各,0
多,0
凫,2
争,0
色,0
壮,1
冲,1
妆,2
冰,1
庄,1
庆,1
亦,1
刘,1
齐,1
交,0
衣,1
次,0
产,0
决,0
亥,2
充,1
妄,1
闭,1
问,0
闯,1
羊,1
并,0
关,0
米,0
灯,1
州,1
汗,1
污,1
江,0
汛,2
池,1
汤,1
忙,1
兴,1
宇,1
守,1
宅,1
字,1
安,0
讲,1
讳,2
军,0
讶,2
许,0
讹,2
论,0
讼,2
农,0
讽,1
设,0
访,1
诀,2
寻,1
那,0
迅,1
尽,1
导,0
异,1
弛,2
阱,2
孙,1
阵,1
阳,1
收,0
阶,0
阴,1
防,1
奸,1
如,0
妇,1
好,0
她,0
妈,1
戏,1
羽,1
观,0
欢,1
买,1
红,0
驮,2
纤,1
驯,2
约,0
级,0
纪,1
驰,1
纫,2
巡,1
寿,1
弄,1
麦,1
玖,2
玛,2
形,0
进,0
戒,1
吞,1
远,1
违,1
韧,2
运,0
扶,1
抚,1
坛,1
技,0
坏,1
抠,2
扰,1
扼,2
拒,1
找,1
批,1
址,1
扯,1
走,0
抄,1
贡,1
汞,2
坝,1
攻,1
赤,1
折,1
抓,1
扳,2
抡,2
扮,1
抢,1
孝,1
坎,2
均,1
坞,2
抑,2
抛,1
投,1
坟,1
坑,1
抗,1
坊,1
抖,1
护,1
壳,1
志,0
块,1
扭,1
声,0
把,0
报,0
拟,2
却,0
抒,2
劫,1
芙,2
芜,2
苇,2
芽,1
花,0
芹,1
芥,2
芬,1
苍,1
芳,1
严,0
芦,1
芯,2
劳,0
克,0
芭,2
苏,1
杆,1
杠,1
杜,1
材,1
村,1
杖,2
杏,1
杉,2
巫,2
极,0
李,1
杨,1
杈,2
求,0
甫,2
匣,2
更,0
束,1
豆,1
两,0
丽,1
医,1
辰,1
励,1
否,1
还,0
歼,1
来,0
连,0
轩,2
步,0
卤,2
坚,1
肖,2
旱,1
盯,1
呈,1
时,0
吴,1
助,1
县,0
里,0
呆,1
吱,2
吠,2
呕,2
园,1
旷,1
围,1
呀,1
吨,1
足,1
邮,1
男,1
困,1
吵,1
串,1
员,0
呐,2
听,0
吟,2
吩,1
呛,2
吻,2
吹,1
呜,1
吭,2
吧,1
邑,2
吼,1
囤,2
别,0
吮,2
岖,2
岗,1
帐,1
财,1
针,1
钉,1
牡,2
告,1
我,0
乱,1
利,0
秃,1
秀,1
私,1
每,0
兵,1
估,1
体,0
何,0
佑,2
但,0
伸,1
佃,2
作,0
伯,1
伶,1
佣,1
低,0
你,0
住,0
位,0
伴,1
身,0
皂,1
伺,2
佛,1
囱,2
近,0
彻,1
役,1
返,1
余,1
希,1
坐,1
谷,1
妥,1
含,1
邻,1
岔,1
肝,1
肛,2
肚,1
肘,2
肠,1
龟,1
甸,2
免,1
狂,1
犹,1
狈,2
角,0
删,1
鸠,2
条,0
彤,2
卵,1
灸,2
岛,1
刨,2
迎,1
饭,1
饮,1
系,0
言,1
冻,1
状,0
亩,1
况,0
床,1
库,1
庇,2
疗,1
吝,2
应,0
这,0
冷,1
庐,2
序,1
辛,1
弃,1
冶,1
忘,1
闰,2
闲,1
间,0
闷,1
判,1
兑,2
灶,1
灿,1
灼,2
弟,1
汪,1
沐,2
沛,2
汰,2
沥,2
沙,1
汽,1
沃,1
沦,2
汹,2
泛,1
沧,2
没,0
沟,1
沪,2
沈,1
沉,1
怀,1
忧,1
忱,2
快,0
完,0
宋,1
宏,1
牢,1
究,0
穷,1
灾,1
良,1
证,0
启,1
评,1
补,1
初,1
社,0
诅,2
识,0
诈,2
诉,1
罕,2
诊,1
词,1
译,1
君,1
灵,1
即,0
层,0
屁,2
尿,1
尾,1
迟,1
局,0
改,0
张,0
忌,1
际,0
陆,1
阿,1
陈,1
阻,1
附,1
坠,2
妓,2
妙,1
妖,1
姊,2
妨,1
妒,2
努,1
忍,1
劲,1
鸡,1
纬,2
驱,1
纯,1
纱,1
纲,1
纳,1
驳,1
纵,1
纷,1
纸,1
纹,1
纺,1
驴,1
纽,1
奉,1
玩,1
环,1
武,1
青,0
责,1
现,0
玫,2
表,0
规,0
抹,1
卦,2
坷,2
坯,2
拓,2
拢,1
拔,1
坪,2
拣,1
坦,1
担,1
坤,2
押,1
抽,1
拐,1
拖,1
者,0
拍,1
顶,1
拆,1
拥,1
抵,1
拘,1
势,1
抱,1
拄,2
垃,1
拉,0
拦,1
幸,1
拌,1
拧,2
拂,2
拙,2
招,1
坡,1
披,1
拨,1
择,1
抬,1
拇,2
拗,2
其,0
取,0
茉,2
苦,1
昔,2
苛,2
若,1
茂,1
苹,1
苫,2
苗,1
英,1
苟,2
苞,2
范,1
直,0
茁,2
茄,1
茎,1
苔,2
茅,1
枉,2
林,0
枝,1
杯,1
枢,2
柜,1
枚,2
析,1
板,1
松,1
枪,1
枫,2
构,0
杭,2
杰,1
述,1
枕,1
丧,1
或,0
画,1
卧,1
事,0
刺,1
枣,1
雨,1
卖,1
郁,2
矾,2
矿,0
码,1
厕,1
奈,2
奔,1
奇,1
奄,2
奋,1
态,1
欧,1
殴,2
垄,1
妻,1
轰,1
顷,1
转,0
斩,1
轮,1
软,1
到,0
非,0
叔,1
歧,2
肯,1
齿,1
些,0
卓,2
虎,1
虏,1
肾,1
贤,1
尚,1
旺,1
具,0
昙,2
味,1
果,0
昆,1
国,0
哎,2
咕,2
昌,1
呵,2
畅,1
明,0
易,0
咙,2
昂,1
典,1
固,1
忠,1
呻,2
咒,2
咐,1
呼,1
鸣,1
咆,2
咏,1
呢,1
咖,2
岸,1
岩,1
帖,1
罗,1
帜,1
帕,2
岭,1
凯,1
败,1
账,2
贩,1
贬,2
购,1
贮,2
图,0
钓,1
制,0
知,0
氛,2
垂,1
牧,1
物,0
乖,1
刮,1
秆,1
和,0
季,1
委,0
秉,2
佳,1
侍,1
岳,2
供,1
使,0
例,0
侠,2
侥,2
版,1
侄,1
侦,1
侣,2
侧,1
凭,1
侨,1
佩,1
货,1
侈,2
依,1
卑,2
的,0
迫,1
质,0
欣,1
征,1
往,0
爬,1
彼,1
径,1
所,0
舍,1
金,0
刽,2
刹,2
命,0
肴,2
斧,1
爸,1
采,0
觅,2
受,0
乳,1
贪,1
念,1
贫,1
忿,2
瓮,2
肤,1
肺,1
肢,1
肿,1
胀,1
朋,1
股,1
肮,2
肪,2
肥,1
服,1
胁,1
周,0
昏,1
鱼,1
兔,1
狐,1
忽,1
狗,1
狞,2
备,0
饰,1
饱,1
饲,1
变,0
京,0
享,1
庞,2
店,1
夜,1
庙,1
府,0
底,1
疟,2
疙,2
疚,2
剂,1
卒,2
郊,1
废,1
净,1
盲,1
放,0
刻,1
育,0
氓,2
闸,1
闹,1
郑,1
券,1
卷,1
单,0
炬,2
炒,1
炊,1
炕,1
炎,1
炉,1
沫,1
浅,1
法,0
泄,1
沽,2
河,1
沾,1
泪,1
沮,2
油,0
泊,1
沿,1
泡,1
注,1
泣,2
泞,2
泻,1
泌,2
泳,1
泥,1
沸,1
沼,2
波,1
泼,1
泽,1
治,0
怔,2
怯,2
怖,1
性,0
怕,1
怜,1
怪,1
学,0
宝,1
宗,1
定,0
宠,2
宜,1
审,1
宙,1
官,1
空,0
帘,1
宛,2
实,0
试,1
郎,1
诗,1
肩,1
房,1
诚,1
衬,1
衫,1
衩,2
视,1
祈,2
话,0
诞,1
诡,2
询,1
该,0
详,1
建,0
肃,1
录,1
隶,1
帚,2
屉,2
居,1
届,1
刷,1
屈,1
弧,2
弥,2
弦,1
承,1
孟,1
陋,2
陌,2
孤,1
陕,1
降,1
函,2
限,1
妹,1
姑,1
姐,1
姓,1
始,0
姆,2
虱,2
驾,1
叁,2
参,0
艰,1
线,0
练,1
组,0
绅,2
细,0
驶,1
织,0
驹,2
终,1
驻,1
绊,2
驼,1
绍,1
绎,2
经,0
贯,1
契,2
贰,2
奏,1
春,1
帮,1
玷,2
珍,1
玲,2
珊,2
玻,1
毒,1
型,0
拭,2
挂,1
封,1
持,0
拷,2
拱,2
项,1
垮,1
挎,1
城,1
挟,2
挠,1
政,0
赴,1
赵,1
挡,1
挺,1
括,1
垢,2
拴,1
拾,1
挑,1
垛,2
指,0
垫,1
挣,1
挤,1
拼,1
挖,1
按,0
挥,1
挪,1
拯,2
某,1
甚,1
荆,2
茸,2
革,0
茬,2
荐,1
巷,1
荚,2
带,0
草,1
茧,1
茵,2
茴,2
荞,2
茶,1
荠,2
荒,1
茫,1
荡,1
荣,1
荤,2
荧,2
故,1
胡,1
荔,2
南,0
药,1
标,0
栈,2
柑,2
枯,1
柄,1
栋,1
相,0
查,0
柏,1
栅,2
柳,1
柱,1
柿,1
栏,1
柠,2
枷,2
树,1
勃,2
要,0
柬,2
咸,1
威,1
歪,1
研,0
砖,1
厘,1
厚,1
砌,1
砂,2
泵,2
砚,2
砍,1
面,0
耐,1
耍,1
牵,1
鸥,2
残,1
殃,1
轴,2
轻,1
鸦,1
皆,1
韭,2
背,1
战,0
点,0
虐,2
临,1
览,1
竖,1
省,0
削,1
尝,1
昧,2
盹,2
是,0
盼,1
眨,1
哄,1
哑,1
显,1
冒,1
映,1
星,1
昨,1
咧,2
昵,2
昭,2
畏,1
趴,1
胃,1
贵,1
界,0
虹,1
虾,1
蚁,1
思,0
蚂,1
盅,2
虽,1
品,0
咽,1
骂,1
勋,2
哗,1
咱,1
响,0
哈,1
哆,2
咬,1
咳,1
咪,2
哪,1
哟,2
炭,1
峡,1
罚,1
贱,1
贴,1
骨,1
幽,2
钙,2
钝,2
钞,1
钟,1
钢,1
钠,2
钥,1
钦,2
钧,2
钩,1
钮,2
卸,1
缸,1
拜,1
看,0
矩,1
毡,2
氢,2
怎,1
牲,1
选,0
适,0
秕,2
秒,1
香,1
种,0
秋,1
科,0
重,0
复,0
竿,1
段,0
便,0
俩,1
贷,1
顺,1
修,1
俏,2
保,0
促,1
俄,2
俐,2
侮,1
俭,1
俗,1
俘,1
信,0
皇,1
泉,1
鬼,1
侵,1
侯,2
追,1
俊,1
盾,1
待,1
徊,2
衍,2
律,0
很,0
须,0
叙,1
剑,1
逃,1
食,1
盆,1
胚,2
胧,2
胆,1
胜,1
胞,1
胖,1
脉,1
胎,2
勉,1
狭,1
狮,1
独,1
狰,2
狡,1
狱,1
狠,1
贸,1
怨,1
急,1
饵,2
饶,1
蚀,1
饺,1
饼,1
峦,2
弯,1
将,0
奖,1
哀,1
亭,1
亮,1
度,0
奕,2
迹,1
庭,1
疮,1
疯,1
疫,1
疤,1
咨,2
姿,1
亲,0
音,0
飒,2
帝,1
施,1
闺,2
闻,1
闽,2
阀,1
阁,1
差,1
养,0
美,0
姜,1
叛,1
送,1
类,0
迷,1
籽,2
娄,2
前,0
首,1
逆,1
总,0
炼,1
炸,1
烁,2
炮,1
炫,2
烂,1
剃,1
洼,2
洁,1
洪,1
洒,1
柒,2
浇,1
浊,1
洞,1
测,1
洗,1
活,0
涎,2
派,0
洽,1
染,1
洛,2
济,0
洋,1
洲,1
浑,1
浓,1
津,1
恃,2
恒,1
恢,1
恍,2
恬,2
恤,2
恰,1
恼,1
恨,1
举,1
觉,1
宣,1
宦,2
室,1
宫,1
宪,1
突,1
穿,1
窃,1
客,1
诫,2
冠,1
诬,2
语,1
扁,1
袄,1
祖,1
神,1
祝,1
祠,2
误,1
诱,1
诲,2
说,0
诵,1
垦,1
退,1
既,1
屋,1
昼,1
屏,2
屎,2
费,1
陡,1
逊,2
眉,1
孩,1
陨,2
除,0
险,1
院,0
娃,1
姥,1
姨,1
姻,1
娇,1
姚,2
娜,2
怒,1
架,1
贺,1
盈,1
勇,1
怠,1
蚤,2
柔,1
垒,1
绑,1
绒,1
结,0
绕,1
骄,1
绘,1
给,0
骆,1
络,1
绝,1
绞,1
骇,2
统,0
耕,1
耘,2
耗,1
耙,2
艳,1
泰,1
秦,2
珠,1
班,1
素,0
匿,2
蚕,1
顽,1
盏,1
匪,1
捞,1
栽,1
捕,1
埂,2
捂,2
振,1
载,1
赶,1
起,0
盐,1
捎,1
捍,2
捏,1
埋,1
捉,1
捆,1
捐,1
损,1
袁,2
捌,2
都,0
哲,1
逝,1
捡,1
挫,2
换,1
挽,1
挚,2
热,0
恐,1
捣,2
壶,1
捅,2
埃,2
挨,1
耻,1
耿,2
耽,1
聂,2
荸,2
恭,1
莽,2
莱,2
莲,1
莫,1
莉,2
荷,1
获,1
晋,1
恶,1
莹,2
莺,2
真,0
框,1
梆,2
桂,1
栖,2
档,1
桐,1
株,1
桥,1
桦,2
栓,2
桃,1
桅,2
格,0
桩,2
校,1
核,1
样,0
根,0
索,1
哥,1
速,0
逗,1
栗,1
贾,2
酌,2
配,1
翅,1
辱,1
唇,1
夏,1
砸,2
砰,2
砾,2
础,1
破,1
原,0
套,1
逐,1
烈,1
殊,1
殉,2
顾,1
轿,1
较,0
顿,1
毙,1
致,1
柴,1
桌,1
虑,1
监,1
紧,1
党,0
逞,2
晒,1
眠,1
晓,1
哮,2
唠,2
鸭,1
晃,1
哺,2
晌,1
剔,2
晕,1
蚌,2
蚜,2
畔,2
蚣,2
蚊,1
蚪,2
蚓,2
哨,1
哩,2
圃,2
哭,1
恩,1
鸯,2
唤,1
唁,2
哼,2
唧,2
啊,1
唉,1
唆,2
罢,1
峭,2
峰,1
圆,0
峻,2
贼,1
贿,1
赂,2
赃,2
钱,1
钳,1
钻,1
钾,2
铁,0
铃,1
铅,1
铆,2
缺,1
氧,1
氨,2
特,0
牺,1
造,0
乘,1
敌,1
秫,2
秤,1
租,1
积,0
秧,1
秩,1
称,0
秘,1
透,1
笔,1
笑,1
笋,1
笆,2
债,1
借,1
值,0
倚,1
俺,2
倾,1
倒,1
倘,1
俱,1
倡,1
候,0
赁,2
俯,1
倍,1
倦,1
健,1
臭,1
射,1
躬,1
息,1
倔,2
徒,1
徐,1
殷,2
舰,1
舱,1
般,0
航,1
途,1
拿,1
耸,2
爹,1
舀,2
爱,1
豺,2
豹,2
颁,2
颂,1
翁,1
胯,2
胰,2
脆,1
脂,1
胸,1
胳,1
脏,1
脐,2
胶,1
脑,1
脓,2
逛,2
狸,1
狼,1
卿,2
逢,1
鸵,2
留,1
鸳,2
皱,1
饿,1
馁,2
凌,2
凄,2
恋,1
桨,1
浆,1
衰,1
衷,2
高,0
郭,2
席,1
准,0
座,1
症,1
病,1
疾,1
斋,2
疹,2
疼,1
疲,1
脊,1
效,0
离,0
紊,2
唐,1
瓷,2
资,0
凉,1
站,1
剖,1
竞,1
部,0
旁,1
旅,1
畜,1
阅,1
羞,1
羔,2
瓶,1
拳,1
粉,1
料,0
益,1
兼,1
烤,1
烘,1
烦,1
烧,1
烛,1
烟,1
烙,2
递,1
涛,1
浙,1
涝,1
浦,2
酒,1
涉,1
消,0
涡,2
浩,1
海,0
涂,1
浴,1
浮,1
涣,2
涤,2
流,0
润,1
涧,2
涕,2
浪,1
浸,1
涨,1
烫,1
涩,2
涌,1
悟,1
悄,1
悍,2
悔,1
悯,2
悦,1
害,1
宽,1
家,0
宵,1
宴,1
宾,1
窍,2
窄,1
容,0
宰,1
案,1
请,1
朗,1
诸,1
诺,2
读,1
扇,1
诽,2
袜,1
袒,2
袖,1
袍,1
被,0
祥,1
课,1
谁,1
调,0
冤,1
谅,1
谆,2
谈,1
谊,1
剥,1
恳,1
展,0
剧,1
屑,1
弱,1
陵,1
祟,2
陶,1
陷,1
陪,1
娱,1
恕,2
娩,2
娘,1
通,0
能,0
难,0
预,1
桑,1
绢,1
绣,1
验,0
继,1
骏,2
球,1
琐,2
理,0
麸,2
琉,2
琅,2
捧,1
堵,1
措,2
描,1
域,1
捺,2
掩,1
捷,1
排,1
掉,1
捶,2
赦,2
推,1
堆,1
埠,2
掀,1
授,1
捻,2
教,0
掏,1
掐,2
掠,1
掂,2
掖,2
培,1
接,0
掷,2
掸,2
控,1
探,1
据,0
掘,1
掺,2
职,1
基,0
勘,2
聊,2
娶,2
著,1
菱,2
勒,1
黄,1
菲,2
萌,1
萝,1
菌,1
萎,2
菜,1
萄,1
菊,1
菩,2
萍,1
菠,1
萤,2
营,1
乾,2
萧,2
萨,2
菇,2
械,1
彬,2
梦,1
梗,2
梧,2
梢,1
梅,1
检,1
梳,1
梯,1
桶,1
梭,2
救,1
曹,2
副,1
票,1
酝,2
酗,2
厢,2
戚,1
硅,2
硕,2
奢,2
盔,2
爽,1
聋,1
袭,1
盛,1
匾,2
雪,1
辅,1
辆,1
颅,2
虚,1
彪,2
雀,1
堂,1
常,0
眶,2
匙,1
晤,2
晨,1
睁,1
眯,1
眼,0
悬,1
野,1
啦,1
曼,2
晦,2
冕,2
晚,1
啄,1
啡,2
畦,2
距,1
趾,2
啃,2
跃,1
略,1
蛆,2
蚯,2
蛉,2
蛀,2
蛇,1
唬,2
累,1
唱,1
患,1
啰,2
唾,2
唯,1
啤,2
啥,2
啸,2
崖,1
崎,2
崭,1
逻,2
崔,2
崩,2
崇,1
婴,2
赊,2
圈,1
铐,2
铛,2
铝,2
铜,1
铡,2
铣,2
铭,2
铲,1
银,1
矫,2
甜,1
秸,2
梨,1
犁,1
秽,2
移,1
笨,1
笼,1
笛,1
笙,2
符,1
第,0
笤,2
敏,1
做,0
袋,1
悠,1
偿,1
偶,1
偎,2
傀,2
偷,1
您,1
售,1
停,1
偏,1
躯,2
兜,2
假,1
衅,2
徘,2
徙,2
得,0
衔,1
盘,1
舶,2
船,1
舷,2
舵,2
斜,1
盒,1
鸽,1
敛,2
悉,1
欲,1
彩,1
领,0
翎,2
脚,1
脖,1
脯,2
脸,1
脱,1
象,0
够,1
逸,2
猜,1
猪,1
猎,1
猫,1
凰,2
猖,2
猛,1
祭,2
馅,1
馆,1
凑,1
减,1
毫,1
烹,2
庶,2
麻,1
庵,2
痊,2
痒,1
痕,1
廊,1
康,1
庸,1
鹿,1
盗,1
章,1
竟,1
商,0
族,0
旋,1
望,1
率,0
阎,2
阐,2
着,0
盖,1
眷,2
粘,1
粗,1
粒,1
断,0
剪,1
兽,1
焊,2
焕,2
清,0
添,1
鸿,2
淋,1
涯,2
淹,1
渠,1
渐,1
淑,2
淌,2
混,1
淮,2
淆,2
渊,2
淫,2
渔,1
淘,1
淳,2
液,1
淤,2
淡,1
淀,2
深,0
涮,2
涵,2
婆,1
梁,1
渗,1
情,0
惜,1
惭,1
悼,1
惧,1
惕,1
惊,1
惦,2
悴,2
惋,2
惨,1
惯,1
寇,1
寄,1
寂,2
宿,1
窒,2
窑,1
密,1
谋,1
谍,2
谎,1
谐,2
裆,2
袱,2
祷,2
祸,1
谒,2
谓,2
谚,2
谜,1
逮,1
敢,1
尉,2
屠,1
弹,1
堕,2
随,1
蛋,1
隅,2
隆,1
隐,1
婚,1
婶,1
婉,2
颇,2
颈,1
绩,1
绪,1
续,1
骑,1
绰,2
绳,1
维,0
绵,1
绷,2
绸,1
综,2
绽,2
绿,1
缀,2
巢,2
琴,1
琳,2
琢,2
琼,2
斑,1
替,1
揍,2
款,1
堪,1
塔,1
搭,1
堰,2
揩,2
越,0
趁,1
趋,1
超,1
揽,2
堤,1
提,0
揖,2
博,1
揭,1
喜,1
彭,2
揣,2
插,1
揪,1
搜,1
煮,1
援,1
搀,2
裁,1
搁,1
搓,2
搂,1
搅,1
壹,2
握,1
搔,2
揉,1
斯,0
期,0
欺,1
联,0
葫,2
散,1
惹,1
葬,1
募,2
葛,1
董,1
葡,1
敬,1
葱,1
蒋,2
蒂,2
落,1
韩,2
朝,1
辜,1
葵,1
棒,1
棱,2
棋,1
椰,2
植,1
森,1
焚,2
椅,1
椒,1
棵,1
棍,1
椎,2
棉,1
棚,1
棕,1
棺,2
榔,2
椭,2
惠,1
惑,1
逼,1
粟,2
棘,2
酣,2
酥,2
厨,1
厦,1
硬,1
硝,2
确,0
硫,2
雁,1
殖,1
裂,1
雄,1
颊,2
雳,2
暂,1
雅,1
翘,2
辈,1
悲,1
紫,1
凿,2
辉,1
敞,1
棠,2
赏,1
掌,1
晴,1
暑,1
最,0
晰,2
量,0
鼎,2
喷,1
喳,2
晶,1
喇,1
遇,1
喊,1
遏,2
晾,2
景,1
畴,2
践,1
跋,2
跌,1
跑,1
跛,2
遗,1
蛙,1
蛔,2
蛛,1
蜓,1
蜒,2
蛤,2
喝,1
鹃,2
喂,1
喘,1
喉,1
喻,2
啼,2
喧,2
嵌,2
幅,1
帽,1
赋,2
赌,1
赎,2
赐,2
赔,1
黑,1
铸,1
铺,1
链,1
销,1
锁,1
锄,1
锅,1
锈,1
锉,2
锋,1
锌,2
锐,1
甥,2
掰,2
短,1
智,1
氮,2
毯,1
氯,2
鹅,1
剩,1
稍,1
程,0
稀,1
黍,2
税,1
筐,1
等,0
筑,1
策,1
筛,1
筒,1
筏,2
答,1
筋,1
筝,1
傲,1
傅,1
牍,2
牌,1
堡,1
集,0
焦,1
傍,1
储,1
粤,2
奥,1
街,1
惩,1
御,1
循,1
艇,1
舒,1
逾,2
番,1
释,1
禽,1
腊,1
腌,2
脾,1
腋,2
腔,1
腕,2
鲁,1
猩,2
猬,2
猾,1
猴,1
惫,2
然,0
馋,1
装,0
蛮,1
就,0
敦,2
痘,2
痢,2
痪,2
痛,1
童,1
竣,2
阔,1
善,1
翔,2
羡,1
普,1
粪,1
尊,1
奠,2
道,0
遂,2
曾,1
焰,1
焙,2
港,1
滞,2
湖,1
湘,2
渣,1
渤,2
渺,2
湿,1
温,0
渴,1
溃,2
溅,2
滑,1
湃,2
湾,1
渡,1
游,1
滋,1
溉,1
愤,1
慌,1
惰,1
愕,2
惶,2
愧,1
愉,1
慨,1
割,1
寒,1
富,1
寓,2
窜,1
窝,1
窖,2
窗,1
窘,2
遍,1
雇,2
裕,1
裤,1
裙,1
谢,1
谣,1
谤,2
谦,1
犀,2
属,0
屡,1
强,0
粥,1
疏,1
隔,1
隙,1
隘,2
媒,2
絮,1
嫂,1
媚,2
婿,2
登,1
缅,2
缆,2
缎,1
缓,1
缔,2
缕,2
骗,1
编,1
骚,2
缘,1
瑟,2
鹉,2
瑞,1
瑰,2
魂,1
肆,1
摄,1
摸,1
填,1
搏,1
塌,1
鼓,1
摆,1
携,1
搬,1
摇,1
搞,1
塘,1
搪,2
摊,1
聘,2
斟,2
蒜,1
勤,1
靴,2
靶,2
鹊,1
蓝,1
墓,1
幕,1
蓖,2
蓬,1
蒿,2
蓄,1
蒲,2
蓉,2
蒙,1
蒸,1
献,1
楔,2
椿,2
禁,1
楚,1
楷,2
榄,2
想,0
楞,2
槐,1
榆,1
楼,1
概,1
楣,2
赖,1
酪,2
酬,1
感,0
碍,1
碘,2
碑,1
硼,2
碉,2
碎,1
碰,1
碗,1
碌,1
雷,1
零,1
雾,1
雹,1
辐,2
辑,2
输,1
督,1
频,2
龄,1
鉴,1
睛,1
睹,2
睦,2
瞄,2
睡,1
睬,1
嗜,2
鄙,1
嗦,2
愚,1
暖,1
盟,1
歇,1
暗,1
暇,2
照,0
畸,2
跨,1
跷,2
跳,1
跺,2
跪,1
路,0
跟,1
遣,1
蜈,2
蜗,2
蛾,1
蜂,1
蜕,2
蛹,2
嗅,2
嗡,2
嗤,2
嗓,1
署,2
置,0
罪,1
罩,1
蜀,2
幌,2
错,1
锚,2
锡,1
锣,1
锤,1
锥,2
锦,1
锨,2
锭,2
键,1
锯,1
锰,2
矮,1
辞,1
稚,2
稠,1
颓,2
愁,1
筹,1
签,1
简,1
筷,2
毁,1
舅,1
鼠,1
催,1
傻,1
像,1
躲,1
魁,2
衙,2
微,1
愈,1
遥,1
腻,2
腰,1
腥,1
腮,2
腹,1
腺,2
鹏,2
腾,1
腿,1
肄,2
猿,2
颖,2
触,1
解,0
煞,2
雏,2
馍,2
馏,2
酱,1
禀,2
痹,2
廓,2
痴,2
痰,1
廉,1
靖,2
新,0
韵,1
意,0
誊,2
粮,1
数,0
煎,1
塑,1
慈,1
煤,1
煌,1
满,0
漠,1
源,1
滤,1
滥,1
滔,1
溪,1
溜,1
漓,2
滚,1
溢,2
溯,2
滨,1
溶,2
滓,2
溺,2
粱,1
滩,1
慎,1
誉,1
塞,1
寞,2
窥,2
窟,2
寝,2
谨,1
褂,2
裸,2
福,1
谬,2
群,0
殿,1
辟,1
障,1
媳,2
嫉,2
嫌,1
嫁,1
叠,1
缚,2
缝,1
缠,1
缤,2
剿,2
静,1
碧,1
璃,1
赘,2
熬,2
墙,1
嘉,1
摧,1
赫,2
截,1
誓,1
境,1
摘,1
摔,1
撇,1
聚,1
蔫,2
慕,1
暮,1
摹,2
蔓,2
蔑,1
蔗,2
蔽,1
蔼,2
熙,2
蔚,2
兢,2
榛,2
模,1
榴,1
榜,1
榨,1
榕,2
歌,1
遭,1
酵,2
酷,1
酿,1
酸,0
碟,2
碴,2
碱,2
碳,2
磁,1
愿,1
需,0
辕,2
辖,2
雌,2
裳,1
颗,1
墅,2
嗽,1
嘁,2
踊,2
蜻,1
蜡,1
蝇,1
蜘,1
蝉,2
嘀,2
幔,2
赚,1
锹,1
锻,1
镀,2
舞,1
舔,2
稳,1
熏,2
箍,2
箕,2
算,0
箩,1
管,0
箫,2
舆,2
僚,1
僧,2
鼻,1
魄,1
貌,1
膜,1
膊,1
膀,1
鲜,1
疑,1
孵,2
馒,1
裹,1
敲,1
豪,1
膏,1
遮,1
腐,1
瘩,2
瘟,2
瘦,1
辣,1
彰,2
竭,1
端,1
旗,1
精,0
粹,2
歉,1
弊,1
熄,1
熔,1
漆,1
漱,2
漂,1
漫,1
滴,1
漩,2
漾,2
演,1
漏,1
慢,1
慷,2
寨,1
赛,1
寡,2
察,1
蜜,1
寥,2
谭,2
褐,2
褪,2
谱,1
隧,2
嫩,1
嫡,2
翠,1
熊,1
凳,1
骡,1
缨,2
缩,1
慧,1
撵,2
撕,1
撒,1
撩,2
趣,1
趟,1
撑,1
撮,2
撬,2
播,1
擒,2
墩,2
撞,1
撤,1
增,0
撰,2
聪,1
鞋,1
鞍,2
蕉,1
蕊,2
蔬,1
蕴,2
横,1
槽,1
樱,1
樊,2
橡,1
樟,2
橄,2
敷,2
豌,2
飘,1
醋,1
醇,2
醉,1
磕,2
磅,2
碾,2
震,1
霉,1
瞒,1
题,0
暴,1
瞎,1
嘶,2
嘲,2
嘹,2
影,0
踢,1
踏,1
踩,1
踪,1
蝶,1
蝴,1
蝠,2
蝎,2
蝌,2
蝗,2
蝙,2
嘿,2
嘱,1
幢,2
墨,1
镊,2
镇,1
镐,2
靠,1
稽,2
稻,1
黎,1
稿,1
稼,1
箱,1
篓,2
箭,1
篇,1
僵,1
躺,1
僻,1
德,1
艘,1
膝,1
膘,2
膛,1
鲤,2
鲫,2
熟,1
摩,1
褒,2
瘪,2
瘤,2
瘫,2
凛,2
颜,1
毅,1
糊,1
遵,1
憋,2
潜,1
澎,2
潮,1
潭,2
潦,2
澳,2
潘,2
澈,2
澜,2
澄,2
懂,1
憔,2
懊,2
憎,2
额,1
翩,2
褥,2
谴,2
鹤,2
憨,2
慰,1
劈,1
履,2
嬉,2
豫,2
缭,2
撼,2
擂,2
操,1
擅,2
燕,1
蕾,2
薯,1
薛,2
薇,2
擎,2
薪,1
薄,1
颠,1
翰,2
噩,2
橱,2
橙,2
橘,1
整,0
融,1
瓢,2
醒,1
磺,2
霍,2
霎,2
辙,2
冀,2
餐,1
嘴,1
踱,2
蹄,1
蹂,2
蟆,2
螃,2
螟,2
器,0
噪,2
鹦,2
赠,1
默,1
黔,2
镜,1
赞,1
穆,2
篮,1
篡,2
篷,2
篙,2
篱,2
儒,2
邀,1
衡,1
膨,1
膳,2
雕,1
鲸,2
磨,1
瘾,2
瘸,2
凝,1
辨,1
辩,1
糙,2
糖,1
糕,1
燎,2
燃,1
濒,2
澡,1
激,1
懒,1
憾,2
懈,2
窿,2
壁,1
避,1
缰,2
缴,1
戴,1
壕,2
擦,1
鞠,1
藏,1
藐,2
檬,2
檐,2
檩,2
檀,2
礁,2
磷,2
霜,1
霞,1
瞭,2
瞧,1
瞬,2
瞳,2
瞪,2
曙,2
蹋,2
蹈,1
螺,1
蟋,2
蟀,2
嚎,2
赡,2
镣,2
穗,1
魏,2
簇,2
繁,1
儡,2
徽,2
爵,2
朦,2
臊,2
鳄,2
糜,2
癌,2
辫,1
赢,1
糟,1
糠,1
燥,1
懦,2
豁,2
臀,2
臂,1
翼,1
骤,1
藕,2
鞭,1
藤,2
覆,1
瞻,2
蹦,1
嚣,2
镰,1
翻,1
鳍,2
鹰,1
癞,2
瀑,2
襟,2
璧,2
戳,2
攒,2
孽,2
警,1
蘑,2
藻,2
攀,1
蹲,1
蹭,2
蹬,2
簸,2
簿,2
蟹,2
颤,1
靡,2
癣,2
瓣,1
羹,2
鳖,2
爆,1
疆,1
鬓,2
壤,1
攘,2
耀,1
躁,1
蠕,2
嚼,1
嚷,1
巍,2
籍,1
鳞,2
魔,1
糯,2
灌,1
譬,2
蠢,1
霸,1
露,1
霹,2
躏,2
髓,2
蘸,2
囊,1
镶,2
瓤,2
罐,1
矗,2
